[
  {
    "localisation": "localisation",
    "prix": 5000,
    "tauxloc": 45,
    "FORMAT": 4,
    "isReserved": false,
    "nbrePieces": 12,
    "typeLocal": "appartement"
  },
  {
    "localisation": "localisation",
    "prix": 5000,
    "tauxloc": 45,
    "FORMAT": 4,
    "isReserved": false,
    "nbrePieces": 12,
    "typeLocal": "appartement"
  },
  {
    "localisation": "localisation",
    "prix": 5000,
    "tauxloc": 45,
    "FORMAT": 4,
    "isReserved": false,
    "nbrePieces": 12,
    "typeLocal": "appartement"
  },
  {
    "localisation": "localisation",
    "prix": 5000,
    "tauxloc": 45,
    "FORMAT": 4,
    "isReserved": false,
    "nbrePieces": 12,
    "typeLocal": "appartement"
  },
  {
    "localisation": "Rokhaya",
    "prix": 50000000,
    "tauxloc": 45,
    "FORMAT": 4,
    "isReserved": false,
    "nbrePieces": 12,
    "typeLocal": "appartement"
  }
]