[
  {
    "ref": "ref",
    "localisation": "location",
    "prix": 4500,
    "tauxloc": 0,
    "isReserved": false,
    "dimension": 1234,
    "typeLoc": "type local",
    "FORMAT": 4
  },
  {
    "ref": "ref",
    "localisation": "localisation",
    "prix": 12,
    "tauxloc": 12,
    "isReserved": false,
    "dimension": 12,
    "typeLoc": "dee",
    "FORMAT": 4
  },
  {
    "ref": "ref",
    "localisation": "localisation",
    "prix": 12,
    "tauxloc": 12,
    "isReserved": false,
    "dimension": 12,
    "typeLoc": "dee",
    "FORMAT": 4
  },
  {
    "ref": "ref001",
    "localisation": "dmaa ndey ay",
    "prix": 12,
    "tauxloc": 12,
    "isReserved": false,
    "dimension": 12,
    "typeLoc": "deena",
    "FORMAT": 4
  }
]